{
  "ticker": "AAPL",
  "feature_columns": [
    "Open",
    "High",
    "Low",
    "Close",
    "Volume",
    "MA_7",
    "MA_21",
    "RSI",
    "MACD",
    "MACD_Signal",
    "MACD_Hist",
    "Volatility",
    "Price_Change",
    "Price_Change_Pct"
  ],
  "num_features": 14,
  "data_shape": [
    6269,
    15
  ],
  "processed_at": "20251013_182842",
  "statistics": {
    "Open": {
      "mean": 41.242189822137945,
      "std": 60.0027220964311,
      "min": 0.1949804243607477,
      "max": 257.27667867815336
    },
    "High": {
      "mean": 41.68058671122707,
      "std": 60.63116909119891,
      "min": 0.1979828815095091,
      "max": 259.1799258751944
    },
    "Low": {
      "mean": 40.82799765942943,
      "std": 59.43114264104979,
      "min": 0.1909280610651878,
      "max": 256.7186620602343
    },
    "Close": {
      "mean": 41.27555200656049,
      "std": 60.06917066871703,
      "min": 0.19693219661712646,
      "max": 258.1037292480469
    },
    "Volume": {
      "mean": 385148436.87988514,
      "std": 383639697.73513997,
      "min": 23234700.0,
      "max": 7421640800.0
    },
    "MA_7": {
      "mean": 41.1547993549581,
      "std": 59.88274672420969,
      "min": 0.19980537252766745,
      "max": 254.12501089913505
    },
    "MA_21": {
      "mean": 40.87608761451129,
      "std": 59.459743476181195,
      "min": 0.2078106566554024,
      "max": 248.44090852283296
    },
    "RSI": {
      "mean": 55.33808342539009,
      "std": 17.589144286510226,
      "min": 3.1797336057699965,
      "max": 97.86457179619528
    },
    "MACD": {
      "mean": 0.2694077461221021,
      "std": 1.3434316427819752,
      "min": -6.495238525016504,
      "max": 8.903608540572577
    },
    "MACD_Signal": {
      "mean": 0.2658619409346907,
      "std": 1.2605620036593284,
      "min": -5.6587338622848895,
      "max": 8.272079440298238
    },
    "MACD_Hist": {
      "mean": 0.0035458051874114487,
      "std": 0.3980026775998763,
      "min": -2.4715357797952686,
      "max": 2.3308452176781596
    },
    "Volatility": {
      "mean": 1.2054352394381724,
      "std": 1.8748077960528255,
      "min": 0.0037575825074397484,
      "max": 10.218453908659345
    },
    "Price_Change": {
      "mean": 0.03968025733265015,
      "std": 1.2239787872424575,
      "min": -10.52874755859375,
      "max": 13.9488525390625
    },
    "Price_Change_Pct": {
      "mean": 0.12273123985169992,
      "std": 2.4257087193390947,
      "min": -51.869200048512766,
      "max": 13.90492572914852
    }
  }
}