{
  "ticker": "AAPL",
  "feature_columns": [
    "Open",
    "High",
    "Low",
    "Close",
    "Volume",
    "MA_7",
    "MA_21",
    "RSI",
    "MACD",
    "MACD_Signal",
    "MACD_Hist",
    "Volatility",
    "Price_Change",
    "Price_Change_Pct"
  ],
  "num_features": 14,
  "data_shape": [
    6269,
    15
  ],
  "processed_at": "20251013_190642",
  "statistics": {
    "Open": {
      "mean": 41.24218972565159,
      "std": 60.002722018936694,
      "min": 0.1949804243607477,
      "max": 257.27667867815336
    },
    "High": {
      "mean": 41.680586614435484,
      "std": 60.63116901765944,
      "min": 0.19798297125673842,
      "max": 259.1799258751944
    },
    "Low": {
      "mean": 40.82799756563549,
      "std": 59.43114257182795,
      "min": 0.1909280899588869,
      "max": 256.7186620602343
    },
    "Close": {
      "mean": 41.27555191254697,
      "std": 60.06917060616545,
      "min": 0.19693222641944885,
      "max": 258.1037292480469
    },
    "Volume": {
      "mean": 385148436.87988514,
      "std": 383639697.73513997,
      "min": 23234700.0,
      "max": 7421640800.0
    },
    "MA_7": {
      "mean": 41.154799256058915,
      "std": 59.88274663525213,
      "min": 0.1998053938150406,
      "max": 254.1250261579241
    },
    "MA_21": {
      "mean": 40.87608750843776,
      "std": 59.459743354273,
      "min": 0.20781066375119345,
      "max": 248.44091215587798
    },
    "RSI": {
      "mean": 55.33808334867289,
      "std": 17.589135189438444,
      "min": 3.1797816858208847,
      "max": 97.86463981385815
    },
    "MACD": {
      "mean": 0.2694077488382534,
      "std": 1.3434316368717059,
      "min": -6.495239121235841,
      "max": 8.90360953516219
    },
    "MACD_Signal": {
      "mean": 0.26586194161190324,
      "std": 1.260561969690631,
      "min": -5.6587347855414505,
      "max": 8.27207919929032
    },
    "MACD_Hist": {
      "mean": 0.0035458072263501892,
      "std": 0.3980027258674598,
      "min": -2.4715363062290683,
      "max": 2.330848590018569
    },
    "Volatility": {
      "mean": 1.2054354217786456,
      "std": 1.8748081646814252,
      "min": 0.0037575792795052757,
      "max": 10.218450370839887
    },
    "Price_Change": {
      "mean": 0.03968025733265015,
      "std": 1.223979328672139,
      "min": -10.528762817382812,
      "max": 13.9488525390625
    },
    "Price_Change_Pct": {
      "mean": 0.12273125238391412,
      "std": 2.4257091992238986,
      "min": -51.869203482230496,
      "max": 13.904943278985616
    }
  }
}